File Name,Object Count
0001_scrumalliance_1.puml,6
0002_scrumalliance_2.puml,4
0003_scrumalliance_3.puml,4
0004_scrumalliance_4.puml,4
0005_scrumalliance_5.puml,4
0006_scrumalliance_6.puml,6
0007_scrumalliance_7.puml,3
0008_scrumalliance_8.puml,4
0009_scrumalliance_9.puml,5
0010_scrumalliance_10.puml,4
0011_scrumalliance_11.puml,5
0012_scrumalliance_12.puml,7
0013_scrumalliance_13.puml,2
0014_scrumalliance_14.puml,4
0015_scrumalliance_15.puml,3
0016_scrumalliance_16.puml,5
0017_scrumalliance_17.puml,5
0018_scrumalliance_18.puml,3
0019_scrumalliance_19.puml,3
0020_scrumalliance_20.puml,4
0021_scrumalliance_21.puml,4
0022_scrumalliance_22.puml,6
0023_scrumalliance_23.puml,6
0024_scrumalliance_24.puml,5
0025_scrumalliance_25.puml,4
0026_scrumalliance_26.puml,4
0027_scrumalliance_27.puml,0
0028_scrumalliance_28.puml,2
0029_scrumalliance_29.puml,1
0030_scrumalliance_30.puml,3
0031_scrumalliance_31.puml,4
0032_scrumalliance_32.puml,5
0033_scrumalliance_33.puml,3
0034_scrumalliance_34.puml,5
0035_scrumalliance_35.puml,4
0036_scrumalliance_36.puml,6
0037_scrumalliance_37.puml,3
0038_scrumalliance_38.puml,4
0039_scrumalliance_39.puml,3
0040_scrumalliance_40.puml,6
0041_scrumalliance_41.puml,4
0042_scrumalliance_42.puml,4
0043_scrumalliance_43.puml,2
0044_scrumalliance_44.puml,4
0045_scrumalliance_45.puml,3
0046_scrumalliance_46.puml,4
0047_scrumalliance_47.puml,3
0048_scrumalliance_48.puml,3
0049_scrumalliance_49.puml,2
0050_scrumalliance_50.puml,3
0051_scrumalliance_51.puml,2
0052_scrumalliance_52.puml,6
0053_scrumalliance_53.puml,4
0054_scrumalliance_54.puml,0
0055_scrumalliance_55.puml,4
0056_scrumalliance_56.puml,4
0057_scrumalliance_57.puml,4
0058_scrumalliance_58.puml,5
0059_scrumalliance_59.puml,3
0060_scrumalliance_60.puml,5
0061_scrumalliance_61.puml,5
0062_scrumalliance_62.puml,4
0063_scrumalliance_63.puml,4
0064_scrumalliance_64.puml,4
0065_scrumalliance_65.puml,2
0066_scrumalliance_66.puml,3
0067_scrumalliance_67.puml,5
0068_scrumalliance_68.puml,4
0069_scrumalliance_69.puml,5
0070_scrumalliance_70.puml,0
0071_scrumalliance_71.puml,0
0072_scrumalliance_72.puml,3
0073_scrumalliance_73.puml,3
0074_scrumalliance_74.puml,3
0075_scrumalliance_75.puml,3
0076_scrumalliance_76.puml,4
0077_scrumalliance_77.puml,4
0078_scrumalliance_78.puml,3
0079_scrumalliance_79.puml,5
0080_scrumalliance_80.puml,3
0081_scrumalliance_81.puml,4
0082_scrumalliance_82.puml,3
0083_scrumalliance_83.puml,3
0084_scrumalliance_84.puml,4
0085_scrumalliance_85.puml,0
0086_scrumalliance_86.puml,0
0087_scrumalliance_87.puml,3
0088_scrumalliance_88.puml,5
0089_scrumalliance_89.puml,4
0090_scrumalliance_90.puml,4
0091_scrumalliance_91.puml,3
0092_scrumalliance_92.puml,0
0093_scrumalliance_93.puml,4
0094_scrumalliance_94.puml,4
0095_scrumalliance_95.puml,4
0096_scrumalliance_96.puml,3
0097_scrumalliance_97.puml,4
0098_camperplus_1.puml,3
0099_camperplus_2.puml,3
0100_camperplus_3.puml,3
0101_camperplus_4.puml,4
0102_camperplus_5.puml,4
0103_camperplus_6.puml,4
0104_camperplus_7.puml,4
0105_camperplus_8.puml,4
0106_camperplus_9.puml,5
0107_camperplus_10.puml,3
0108_camperplus_11.puml,4
0109_camperplus_12.puml,3
0110_camperplus_13.puml,5
0111_camperplus_14.puml,4
0112_camperplus_15.puml,2
0113_camperplus_16.puml,4
0114_camperplus_17.puml,3
0115_camperplus_18.puml,5
0116_camperplus_19.puml,5
0117_camperplus_20.puml,3
0118_camperplus_21.puml,3
0119_camperplus_22.puml,3
0120_camperplus_23.puml,3
0121_camperplus_24.puml,3
0122_camperplus_25.puml,4
0123_camperplus_26.puml,5
0124_camperplus_27.puml,4
0125_camperplus_28.puml,4
0126_camperplus_29.puml,4
0127_camperplus_30.puml,3
0128_camperplus_31.puml,3
0129_camperplus_32.puml,3
0130_camperplus_33.puml,3
0131_camperplus_34.puml,3
0132_camperplus_35.puml,5
0133_camperplus_36.puml,4
0134_camperplus_37.puml,4
0135_camperplus_38.puml,5
0136_camperplus_39.puml,4
0137_camperplus_40.puml,4
0138_camperplus_41.puml,6
0139_camperplus_42.puml,4
0140_camperplus_43.puml,5
0141_camperplus_44.puml,5
0142_camperplus_45.puml,5
0143_camperplus_46.puml,5
0144_camperplus_47.puml,4
0145_camperplus_48.puml,5
0146_camperplus_49.puml,3
0147_camperplus_50.puml,4
0148_camperplus_51.puml,3
0149_camperplus_52.puml,4
0150_camperplus_53.puml,4
0151_camperplus_54.puml,4
0152_camperplus_55.puml,2
0153_alfred_1.puml,5
0154_alfred_2.puml,7
0155_alfred_3.puml,0
0156_alfred_4.puml,7
0157_alfred_5.puml,4
0158_alfred_6.puml,4
0159_alfred_7.puml,3
0160_alfred_8.puml,4
0161_alfred_9.puml,6
0162_alfred_10.puml,4
0163_alfred_11.puml,4
0164_alfred_12.puml,1
0165_alfred_13.puml,0
0166_alfred_14.puml,3
0167_alfred_15.puml,5
0168_alfred_16.puml,4
0169_alfred_17.puml,3
0170_alfred_18.puml,3
0171_alfred_19.puml,2
0172_alfred_20.puml,5
0173_alfred_21.puml,1
0174_alfred_22.puml,6
0175_alfred_23.puml,4
0176_alfred_24.puml,4
0177_alfred_25.puml,3
0178_alfred_26.puml,0
0179_alfred_27.puml,2
0180_alfred_28.puml,5
0181_alfred_29.puml,4
0182_alfred_30.puml,5
0183_alfred_31.puml,5
0184_alfred_32.puml,2
0185_alfred_33.puml,3
0186_alfred_34.puml,4
0187_alfred_35.puml,4
0188_alfred_36.puml,4
0189_alfred_37.puml,5
0190_alfred_38.puml,4
0191_alfred_39.puml,2
0192_alfred_40.puml,6
0193_alfred_41.puml,3
0194_alfred_42.puml,6
0195_alfred_43.puml,4
0196_alfred_44.puml,2
0197_alfred_45.puml,4
0198_alfred_46.puml,4
0199_alfred_47.puml,6
0200_alfred_48.puml,5
0201_alfred_49.puml,6
0202_alfred_50.puml,5
0203_alfred_51.puml,4
0204_alfred_52.puml,4
0205_alfred_53.puml,5
0206_alfred_54.puml,4
0207_alfred_55.puml,5
0208_alfred_56.puml,4
0209_alfred_57.puml,5
0210_alfred_58.puml,4
0211_alfred_59.puml,3
0212_alfred_60.puml,4
0213_alfred_61.puml,6
0214_alfred_62.puml,3
0215_alfred_63.puml,3
0216_alfred_64.puml,3
0217_alfred_65.puml,5
0218_alfred_66.puml,5
0219_alfred_67.puml,5
0220_alfred_68.puml,1
0221_alfred_69.puml,4
0222_alfred_70.puml,4
0223_alfred_71.puml,5
0224_alfred_72.puml,6
0225_alfred_73.puml,4
0226_alfred_74.puml,4
0227_alfred_75.puml,0
0228_alfred_76.puml,5
0229_alfred_77.puml,5
0230_alfred_78.puml,6
0231_alfred_79.puml,3
0232_alfred_80.puml,4
0233_alfred_81.puml,6
0234_alfred_82.puml,5
0235_alfred_83.puml,4
0236_alfred_84.puml,4
0237_alfred_85.puml,4
0238_alfred_86.puml,5
0239_alfred_87.puml,5
0240_alfred_88.puml,4
0241_alfred_89.puml,0
0242_alfred_90.puml,7
0243_alfred_91.puml,7
0244_alfred_92.puml,5
0245_alfred_93.puml,5
0246_alfred_94.puml,6
0247_alfred_95.puml,4
0248_alfred_96.puml,5
0249_alfred_97.puml,5
0250_alfred_98.puml,5
0251_alfred_99.puml,5
0252_alfred_100.puml,4
0253_alfred_101.puml,4
0254_alfred_102.puml,0
0255_alfred_103.puml,5
0256_alfred_104.puml,3
0257_alfred_105.puml,4
0258_alfred_106.puml,2
0259_alfred_107.puml,4
0260_alfred_108.puml,7
0261_alfred_109.puml,5
0262_alfred_110.puml,5
0263_alfred_111.puml,4
0264_alfred_112.puml,7
0265_alfred_113.puml,5
0266_alfred_114.puml,7
0267_alfred_115.puml,5
0268_alfred_116.puml,6
0269_alfred_117.puml,3
0270_alfred_118.puml,6
0271_alfred_119.puml,5
0272_alfred_120.puml,5
0273_alfred_121.puml,4
0274_alfred_122.puml,3
0275_alfred_123.puml,0
0276_alfred_124.puml,2
0277_alfred_125.puml,5
0278_alfred_126.puml,4
0279_alfred_127.puml,2
0280_alfred_128.puml,5
0281_alfred_129.puml,5
0282_alfred_130.puml,5
0283_alfred_131.puml,5
0284_alfred_132.puml,3
0285_alfred_133.puml,2
0286_alfred_134.puml,4
0287_alfred_135.puml,3
0288_alfred_136.puml,4
0289_alfred_137.puml,3
0290_alfred_138.puml,5
0291_nsf_1.puml,4
0292_nsf_2.puml,4
0293_nsf_3.puml,0
0294_nsf_4.puml,4
0295_nsf_5.puml,4
0296_nsf_6.puml,5
0297_nsf_7.puml,1
0298_nsf_8.puml,5
0299_nsf_9.puml,0
0300_nsf_10.puml,4
0301_nsf_11.puml,0
0302_nsf_12.puml,3
0303_nsf_13.puml,6
0304_nsf_14.puml,4
0305_nsf_15.puml,4
0306_nsf_16.puml,6
0307_nsf_17.puml,5
0308_nsf_18.puml,4
0309_nsf_19.puml,4
0310_nsf_20.puml,4
0311_nsf_21.puml,4
0312_nsf_22.puml,5
0313_nsf_23.puml,3
0314_nsf_24.puml,0
0315_nsf_25.puml,6
0316_nsf_26.puml,0
0317_nsf_27.puml,7
0318_nsf_28.puml,3
0319_nsf_29.puml,3
0320_nsf_30.puml,5
0321_nsf_31.puml,0
0322_nsf_32.puml,0
0323_nsf_33.puml,3
0324_nsf_34.puml,5
0325_nsf_35.puml,4
0326_nsf_36.puml,5
0327_nsf_37.puml,0
0328_nsf_38.puml,6
0329_nsf_39.puml,4
0330_nsf_40.puml,1
0331_nsf_41.puml,4
0332_nsf_42.puml,3
0333_nsf_43.puml,3
0334_nsf_44.puml,0
0335_nsf_45.puml,5
0336_nsf_46.puml,5
0337_nsf_47.puml,4
0338_nsf_48.puml,3
0339_nsf_49.puml,5
0340_nsf_50.puml,4
0341_nsf_51.puml,5
0342_nsf_52.puml,5
0343_nsf_53.puml,6
0344_nsf_54.puml,4
0345_nsf_55.puml,5
0346_nsf_56.puml,4
0347_nsf_57.puml,4
0348_nsf_58.puml,0
0349_nsf_59.puml,0
0350_nsf_60.puml,6
0351_nsf_61.puml,7
0352_nsf_62.puml,4
0353_nsf_63.puml,4
0354_nsf_64.puml,5
0355_nsf_65.puml,8
0356_nsf_66.puml,4
0357_nsf_67.puml,4
0358_nsf_68.puml,3
0359_nsf_69.puml,2
0360_nsf_70.puml,0
0361_nsf_71.puml,3
0362_nsf_72.puml,3
0363_nsf_73.puml,6
0364_culrepo_1.puml,5
0365_culrepo_2.puml,3
0366_culrepo_3.puml,6
0367_culrepo_4.puml,4
0368_culrepo_5.puml,5
0369_culrepo_6.puml,5
0370_culrepo_7.puml,4
0371_culrepo_8.puml,0
0372_culrepo_9.puml,4
0373_culrepo_10.puml,5
0374_culrepo_11.puml,6
0375_culrepo_12.puml,6
0376_culrepo_13.puml,5
0377_culrepo_14.puml,4
0378_culrepo_15.puml,4
0379_culrepo_16.puml,4
0380_culrepo_17.puml,0
0381_culrepo_18.puml,6
0382_culrepo_19.puml,0
0383_culrepo_20.puml,6
0384_culrepo_21.puml,4
0385_culrepo_22.puml,0
0386_culrepo_23.puml,6
0387_culrepo_24.puml,7
0388_culrepo_25.puml,4
0389_culrepo_26.puml,6
0390_culrepo_27.puml,5
0391_culrepo_28.puml,0
0392_culrepo_29.puml,4
0393_culrepo_30.puml,6
0394_culrepo_31.puml,4
0395_culrepo_32.puml,5
0396_culrepo_33.puml,0
0397_culrepo_34.puml,0
0398_culrepo_35.puml,6
0399_culrepo_36.puml,4
0400_culrepo_37.puml,4
0401_culrepo_38.puml,0
0402_culrepo_39.puml,6
0403_culrepo_40.puml,5
0404_culrepo_41.puml,4
0405_culrepo_42.puml,2
0406_culrepo_43.puml,0
0407_culrepo_44.puml,4
0408_culrepo_45.puml,5
0409_culrepo_46.puml,0
0410_culrepo_47.puml,4
0411_culrepo_48.puml,5
0412_culrepo_49.puml,5
0413_culrepo_50.puml,6
0414_culrepo_51.puml,6
0415_culrepo_52.puml,6
0416_culrepo_53.puml,7
0417_culrepo_54.puml,0
0418_culrepo_55.puml,3
0419_culrepo_56.puml,0
0420_culrepo_57.puml,0
0421_culrepo_58.puml,7
0422_culrepo_59.puml,6
0423_culrepo_60.puml,5
0424_culrepo_61.puml,4
0425_culrepo_62.puml,5
0426_culrepo_63.puml,4
0427_culrepo_64.puml,5
0428_culrepo_65.puml,6
0429_culrepo_66.puml,5
0430_culrepo_67.puml,5
0431_culrepo_68.puml,5
0432_culrepo_69.puml,4
0433_culrepo_70.puml,4
0434_culrepo_71.puml,4
0435_culrepo_72.puml,5
0436_culrepo_73.puml,8
0437_culrepo_74.puml,6
0438_culrepo_75.puml,4
0439_culrepo_76.puml,6
0440_culrepo_77.puml,5
0441_culrepo_78.puml,3
0442_culrepo_79.puml,6
0443_culrepo_80.puml,6
0444_culrepo_81.puml,4
0445_culrepo_82.puml,5
0446_culrepo_83.puml,4
0447_culrepo_84.puml,7
0448_culrepo_85.puml,6
0449_culrepo_86.puml,3
0450_culrepo_87.puml,5
0451_culrepo_88.puml,4
0452_culrepo_89.puml,4
0453_culrepo_90.puml,4
0454_culrepo_91.puml,5
0455_culrepo_92.puml,4
0456_culrepo_93.puml,0
0457_culrepo_94.puml,3
0458_culrepo_95.puml,6
0459_culrepo_96.puml,5
0460_culrepo_97.puml,4
0461_culrepo_98.puml,6
0462_culrepo_99.puml,5
0463_culrepo_100.puml,5
0464_culrepo_101.puml,5
0465_culrepo_102.puml,5
0466_culrepo_103.puml,3
0467_culrepo_104.puml,5
0468_culrepo_105.puml,4
0469_culrepo_106.puml,6
0470_culrepo_107.puml,5
0471_culrepo_108.puml,5
0472_culrepo_109.puml,0
0473_culrepo_110.puml,0
0474_culrepo_111.puml,5
0475_culrepo_112.puml,4
0476_culrepo_113.puml,3
0477_culrepo_114.puml,5
0478_culrepo_115.puml,7
0479_unibath_1.puml,5
0480_unibath_2.puml,5
0481_unibath_3.puml,4
0482_unibath_4.puml,3
0483_unibath_5.puml,5
0484_unibath_6.puml,0
0485_unibath_7.puml,3
0486_unibath_8.puml,2
0487_unibath_9.puml,7
0488_unibath_10.puml,1
0489_unibath_11.puml,2
0490_unibath_12.puml,2
0491_unibath_13.puml,3
0492_unibath_14.puml,6
0493_unibath_15.puml,4
0494_unibath_16.puml,5
0495_unibath_17.puml,0
0496_unibath_18.puml,3
0497_unibath_19.puml,4
0498_unibath_20.puml,0
0499_unibath_21.puml,4
0500_unibath_22.puml,4
0501_unibath_23.puml,4
0502_unibath_24.puml,4
0503_unibath_25.puml,4
0504_unibath_26.puml,0
0505_unibath_27.puml,0
0506_unibath_28.puml,0
0507_unibath_29.puml,4
0508_unibath_30.puml,5
0509_unibath_31.puml,0
0510_unibath_32.puml,5
0511_unibath_33.puml,6
0512_unibath_34.puml,5
0513_unibath_35.puml,7
0514_unibath_36.puml,4
0515_unibath_37.puml,4
0516_unibath_38.puml,4
0517_unibath_39.puml,6
0518_unibath_40.puml,5
0519_unibath_41.puml,5
0520_unibath_42.puml,6
0521_unibath_43.puml,6
0522_unibath_44.puml,5
0523_unibath_45.puml,6
0524_unibath_46.puml,6
0525_unibath_47.puml,5
0526_unibath_48.puml,4
0527_unibath_49.puml,0
0528_unibath_50.puml,0
0529_unibath_51.puml,6
0530_unibath_52.puml,5
0531_unibath_53.puml,4
0532_duraspace_1.puml,4
0533_duraspace_2.puml,5
0534_duraspace_3.puml,5
0535_duraspace_4.puml,4
0536_duraspace_5.puml,5
0537_duraspace_6.puml,4
0538_duraspace_7.puml,5
0539_duraspace_8.puml,5
0540_duraspace_9.puml,4
0541_duraspace_10.puml,4
0542_duraspace_11.puml,4
0543_duraspace_12.puml,4
0544_duraspace_13.puml,5
0545_duraspace_14.puml,5
0546_duraspace_15.puml,3
0547_duraspace_16.puml,3
0548_duraspace_17.puml,4
0549_duraspace_18.puml,5
0550_duraspace_19.puml,4
0551_duraspace_20.puml,0
0552_duraspace_21.puml,5
0553_duraspace_22.puml,3
0554_duraspace_23.puml,5
0555_duraspace_24.puml,4
0556_duraspace_25.puml,4
0557_duraspace_26.puml,5
0558_duraspace_27.puml,4
0559_duraspace_28.puml,3
0560_duraspace_29.puml,5
0561_duraspace_30.puml,3
0562_duraspace_31.puml,4
0563_duraspace_32.puml,4
0564_duraspace_33.puml,7
0565_duraspace_34.puml,0
0566_duraspace_35.puml,5
0567_duraspace_36.puml,0
0568_duraspace_37.puml,4
0569_duraspace_38.puml,5
0570_duraspace_39.puml,4
0571_duraspace_40.puml,4
0572_duraspace_41.puml,3
0573_duraspace_42.puml,4
0574_duraspace_43.puml,4
0575_duraspace_44.puml,5
0576_duraspace_45.puml,4
0577_duraspace_46.puml,3
0578_duraspace_47.puml,5
0579_duraspace_48.puml,4
0580_duraspace_49.puml,5
0581_duraspace_50.puml,5
0582_duraspace_51.puml,0
0583_duraspace_52.puml,0
0584_duraspace_53.puml,5
0585_duraspace_54.puml,5
0586_duraspace_55.puml,4
0587_duraspace_56.puml,4
0588_duraspace_57.puml,3
0589_duraspace_58.puml,3
0590_duraspace_59.puml,4
0591_duraspace_60.puml,3
0592_duraspace_61.puml,5
0593_duraspace_62.puml,4
0594_duraspace_63.puml,4
0595_duraspace_64.puml,4
0596_duraspace_65.puml,5
0597_duraspace_66.puml,5
0598_duraspace_67.puml,5
0599_duraspace_68.puml,5
0600_duraspace_69.puml,4
0601_duraspace_70.puml,5
0602_duraspace_71.puml,4
0603_duraspace_72.puml,5
0604_duraspace_73.puml,4
0605_duraspace_74.puml,4
0606_duraspace_75.puml,3
0607_duraspace_76.puml,4
0608_duraspace_77.puml,4
0609_duraspace_78.puml,5
0610_duraspace_79.puml,6
0611_duraspace_80.puml,4
0612_duraspace_81.puml,2
0613_duraspace_82.puml,6
0614_duraspace_83.puml,0
0615_duraspace_84.puml,3
0616_duraspace_85.puml,4
0617_duraspace_86.puml,5
0618_duraspace_87.puml,4
0619_duraspace_88.puml,5
0620_duraspace_89.puml,3
0621_duraspace_90.puml,5
0622_duraspace_91.puml,0
0623_duraspace_92.puml,0
0624_duraspace_93.puml,6
0625_duraspace_94.puml,0
0626_duraspace_95.puml,0
0627_duraspace_96.puml,0
0628_duraspace_97.puml,4
0629_duraspace_98.puml,5
0630_duraspace_99.puml,0
0631_duraspace_100.puml,4
0632_neurohub_1.puml,0
0633_neurohub_2.puml,4
0634_neurohub_3.puml,5
0635_neurohub_4.puml,5
0636_neurohub_5.puml,4
0637_neurohub_6.puml,5
0638_neurohub_7.puml,4
0639_neurohub_8.puml,4
0640_neurohub_9.puml,5
0641_neurohub_10.puml,3
0642_neurohub_11.puml,4
0643_neurohub_12.puml,4
0644_neurohub_13.puml,5
0645_neurohub_14.puml,5
0646_neurohub_15.puml,4
0647_neurohub_16.puml,6
0648_neurohub_17.puml,3
0649_neurohub_18.puml,3
0650_neurohub_19.puml,6
0651_neurohub_20.puml,0
0652_neurohub_21.puml,3
0653_neurohub_22.puml,4
0654_neurohub_23.puml,0
0655_neurohub_24.puml,4
0656_neurohub_25.puml,3
0657_neurohub_26.puml,3
0658_neurohub_27.puml,6
0659_neurohub_28.puml,3
0660_neurohub_29.puml,5
0661_neurohub_30.puml,3
0662_neurohub_31.puml,4
0663_neurohub_32.puml,0
0664_neurohub_33.puml,6
0665_neurohub_34.puml,6
0666_neurohub_35.puml,4
0667_neurohub_36.puml,4
0668_neurohub_37.puml,5
0669_neurohub_38.puml,4
0670_neurohub_39.puml,3
0671_neurohub_40.puml,0
0672_neurohub_41.puml,5
0673_neurohub_42.puml,5
0674_neurohub_43.puml,4
0675_neurohub_44.puml,5
0676_neurohub_45.puml,3
0677_neurohub_46.puml,5
0678_neurohub_47.puml,3
0679_neurohub_48.puml,3
0680_neurohub_49.puml,4
0681_neurohub_50.puml,2
0682_neurohub_51.puml,5
0683_neurohub_52.puml,4
0684_neurohub_53.puml,0
0685_neurohub_54.puml,5
0686_neurohub_55.puml,4
0687_neurohub_56.puml,4
0688_neurohub_57.puml,5
0689_neurohub_58.puml,0
0690_neurohub_59.puml,4
0691_neurohub_60.puml,2
0692_neurohub_61.puml,0
0693_neurohub_62.puml,3
0694_neurohub_63.puml,3
0695_neurohub_64.puml,4
0696_neurohub_65.puml,5
0697_neurohub_66.puml,4
0698_neurohub_67.puml,4
0699_neurohub_68.puml,4
0700_neurohub_69.puml,4
0701_neurohub_70.puml,6
0702_neurohub_71.puml,0
0703_neurohub_72.puml,0
0704_neurohub_73.puml,5
0705_neurohub_74.puml,5
0706_neurohub_75.puml,3
0707_neurohub_76.puml,4
0708_neurohub_77.puml,3
0709_neurohub_78.puml,4
0710_neurohub_79.puml,4
0711_neurohub_80.puml,5
0712_neurohub_81.puml,3
0713_neurohub_82.puml,3
0714_neurohub_83.puml,5
0715_neurohub_84.puml,5
0716_neurohub_85.puml,4
0717_neurohub_86.puml,4
0718_neurohub_87.puml,4
0719_neurohub_88.puml,5
0720_neurohub_89.puml,6
0721_neurohub_90.puml,5
0722_neurohub_91.puml,4
0723_neurohub_92.puml,4
0724_neurohub_93.puml,7
0725_neurohub_94.puml,4
0726_neurohub_95.puml,4
0727_neurohub_96.puml,6
0728_neurohub_97.puml,6
0729_neurohub_98.puml,3
0730_neurohub_99.puml,5
0731_neurohub_100.puml,3
0732_neurohub_101.puml,4
0733_neurohub_102.puml,5
0734_federalspending_1.puml,1
0735_federalspending_2.puml,0
0736_federalspending_3.puml,4
0737_federalspending_4.puml,3
0738_federalspending_5.puml,6
0739_federalspending_6.puml,0
0740_federalspending_7.puml,0
0741_federalspending_8.puml,4
0742_federalspending_9.puml,5
0743_federalspending_10.puml,5
0744_federalspending_11.puml,0
0745_federalspending_12.puml,0
0746_federalspending_13.puml,5
0747_federalspending_14.puml,5
0748_federalspending_15.puml,4
0749_federalspending_16.puml,5
0750_federalspending_17.puml,3
0751_federalspending_18.puml,2
0752_federalspending_19.puml,4
0753_federalspending_20.puml,0
0754_federalspending_21.puml,4
0755_federalspending_22.puml,4
0756_federalspending_23.puml,3
0757_federalspending_24.puml,6
0758_federalspending_25.puml,5
0759_federalspending_26.puml,5
0760_federalspending_27.puml,4
0761_federalspending_28.puml,4
0762_federalspending_29.puml,6
0763_federalspending_30.puml,5
0764_federalspending_31.puml,4
0765_federalspending_32.puml,4
0766_federalspending_33.puml,6
0767_federalspending_34.puml,3
0768_federalspending_35.puml,4
0769_federalspending_36.puml,5
0770_federalspending_37.puml,4
0771_federalspending_38.puml,5
0772_federalspending_39.puml,5
0773_federalspending_40.puml,4
0774_federalspending_41.puml,3
0775_federalspending_42.puml,5
0776_federalspending_43.puml,3
0777_federalspending_44.puml,0
0778_federalspending_45.puml,0
0779_federalspending_46.puml,5
0780_federalspending_47.puml,5
0781_federalspending_48.puml,4
0782_federalspending_49.puml,5
0783_federalspending_50.puml,5
0784_federalspending_51.puml,3
0785_federalspending_52.puml,5
0786_federalspending_53.puml,5
0787_federalspending_54.puml,4
0788_federalspending_55.puml,5
0789_federalspending_56.puml,5
0790_federalspending_57.puml,6
0791_federalspending_58.puml,7
0792_federalspending_59.puml,5
0793_federalspending_60.puml,0
0794_federalspending_61.puml,7
0795_federalspending_62.puml,0
0796_federalspending_63.puml,3
0797_federalspending_64.puml,0
0798_federalspending_65.puml,4
0799_federalspending_66.puml,4
0800_federalspending_67.puml,5
0801_federalspending_68.puml,6
0802_federalspending_69.puml,0
0803_federalspending_70.puml,5
0804_federalspending_71.puml,4
0805_federalspending_72.puml,5
0806_federalspending_73.puml,4
0807_federalspending_74.puml,6
0808_federalspending_75.puml,6
0809_federalspending_76.puml,0
0810_federalspending_77.puml,6
0811_federalspending_78.puml,5
0812_federalspending_79.puml,5
0813_federalspending_80.puml,0
0814_federalspending_81.puml,7
0815_federalspending_82.puml,5
0816_federalspending_83.puml,0
0817_federalspending_84.puml,5
0818_federalspending_85.puml,0
0819_federalspending_86.puml,5
0820_federalspending_87.puml,6
0821_federalspending_88.puml,5
0822_federalspending_89.puml,3
0823_federalspending_90.puml,4
0824_federalspending_91.puml,4
0825_federalspending_92.puml,6
0826_federalspending_93.puml,4
0827_federalspending_94.puml,4
0828_federalspending_95.puml,4
0829_federalspending_96.puml,5
0830_federalspending_97.puml,5
0831_federalspending_98.puml,0
0832_loudoun_1.puml,4
0833_loudoun_2.puml,4
0834_loudoun_3.puml,0
0835_loudoun_4.puml,4
0836_loudoun_5.puml,6
0837_loudoun_6.puml,5
0838_loudoun_7.puml,3
0839_loudoun_8.puml,3
0840_loudoun_9.puml,3
0841_loudoun_10.puml,3
0842_loudoun_11.puml,3
0843_loudoun_12.puml,2
0844_loudoun_13.puml,5
0845_loudoun_14.puml,4
0846_loudoun_15.puml,3
0847_loudoun_16.puml,3
0848_loudoun_17.puml,4
0849_loudoun_18.puml,5
0850_loudoun_19.puml,5
0851_loudoun_20.puml,3
0852_loudoun_21.puml,4
0853_loudoun_22.puml,0
0854_loudoun_23.puml,0
0855_loudoun_24.puml,3
0856_loudoun_25.puml,4
0857_loudoun_26.puml,5
0858_loudoun_27.puml,0
0859_loudoun_28.puml,5
0860_loudoun_29.puml,7
0861_loudoun_30.puml,5
0862_loudoun_31.puml,4
0863_loudoun_32.puml,5
0864_loudoun_33.puml,0
0865_loudoun_34.puml,0
0866_loudoun_35.puml,5
0867_loudoun_36.puml,4
0868_loudoun_37.puml,5
0869_loudoun_38.puml,5
0870_loudoun_39.puml,7
0871_loudoun_40.puml,6
0872_loudoun_41.puml,3
0873_loudoun_42.puml,5
0874_loudoun_43.puml,5
0875_loudoun_44.puml,3
0876_loudoun_45.puml,7
0877_loudoun_46.puml,8
0878_loudoun_47.puml,5
0879_loudoun_48.puml,4
0880_loudoun_49.puml,4
0881_loudoun_50.puml,6
0882_loudoun_51.puml,3
0883_loudoun_52.puml,6
0884_loudoun_53.puml,5
0885_loudoun_54.puml,5
0886_loudoun_55.puml,6
0887_loudoun_56.puml,3
0888_loudoun_57.puml,5
0889_loudoun_58.puml,6
0890_Library_Management_System_1.puml,6
0891_Library_Management_System_2.puml,3
0892_Library_Management_System_3.puml,3
0893_Library_Management_System_4.puml,3
0894_Library_Management_System_5.puml,3
0895_Library_Management_System_6.puml,4
0896_Library_Management_System_7.puml,4
0897_Library_Management_System_8.puml,5
0898_Library_Management_System_9.puml,5
0899_Library_Management_System_10.puml,0
0900_Library_Management_System_11.puml,4
0901_Library_Management_System_12.puml,3
0902_Library_Management_System_13.puml,4
0903_Library_Management_System_14.puml,5
0904_Library_Management_System_15.puml,4
0905_Library_Management_System_16.puml,4
0906_Library_Management_System_17.puml,0
0907_Library_Management_System_18.puml,3
0908_Library_Management_System_19.puml,5
0909_Library_Management_System_20.puml,2
0910_Library_Management_System_21.puml,3
0911_Library_Management_System_22.puml,4
0912_Library_Management_System_23.puml,5
0913_Library_Management_System_24.puml,4
0914_Library_Management_System_25.puml,3
0915_Library_Management_System_26.puml,4
0916_Library_Management_System_27.puml,3
0917_Library_Management_System_28.puml,3
0918_Library_Management_System_29.puml,3
0919_Library_Management_System_30.puml,5
0920_Library_Management_System_31.puml,4
0921_Library_Management_System_32.puml,3
0922_Library_Management_System_33.puml,1
0923_Library_Management_System_34.puml,0
0924_Library_Management_System_35.puml,2
0925_Library_Management_System_36.puml,3
0926_Library_Management_System_37.puml,4
0927_Library_Management_System_38.puml,2
0928_Library_Management_System_39.puml,5
0929_Library_Management_System_40.puml,2
0930_Library_Management_System_41.puml,4
0931_Library_Management_System_42.puml,4
0932_Library_Management_System_43.puml,3
0933_Library_Management_System_44.puml,2
0934_Library_Management_System_45.puml,0
0935_Library_Management_System_46.puml,1
0936_Library_Management_System_47.puml,0
0937_Library_Management_System_48.puml,3
0938_Library_Management_System_49.puml,1
0939_Library_Management_System_50.puml,3
0940_Library_Management_System_51.puml,0
0941_Library_Management_System_52.puml,2
0942_Library_Management_System_53.puml,2
0943_Library_Management_System_54.puml,5
0944_Library_Management_System_55.puml,5
0945_Library_Management_System_56.puml,4
0946_Library_Management_System_57.puml,2
0947_Library_Management_System_58.puml,3
0948_Library_Management_System_59.puml,2
0949_Library_Management_System_60.puml,4
0950_Library_Management_System_61.puml,3
0951_Library_Management_System_62.puml,4
0952_Library_Management_System_63.puml,3
0953_Library_Management_System_64.puml,4
0954_Library_Management_System_65.puml,3
0955_Library_Management_System_66.puml,3
0956_Library_Management_System_67.puml,1
0957_Library_Management_System_68.puml,4
0958_Library_Management_System_69.puml,0
0959_Library_Management_System_70.puml,3
0960_Library_Management_System_71.puml,4
0961_Library_Management_System_72.puml,0
0962_Library_Management_System_73.puml,5
0963_Library_Management_System_74.puml,2
0964_Library_Management_System_75.puml,5
0965_Library_Management_System_76.puml,4
0966_Library_Management_System_77.puml,3
0967_Library_Management_System_78.puml,3
0968_Library_Management_System_79.puml,4
0969_Library_Management_System_80.puml,3
0970_Library_Management_System_81.puml,3
0971_Library_Management_System_82.puml,3
0972_Library_Management_System_83.puml,2
0973_Library_Management_System_84.puml,4
0974_Library_Management_System_85.puml,5
0975_Library_Management_System_86.puml,2
0976_Library_Management_System_87.puml,4
0977_Library_Management_System_88.puml,4
0978_Library_Management_System_89.puml,4
0979_Library_Management_System_90.puml,3
0980_Library_Management_System_91.puml,3
0981_Library_Management_System_92.puml,0
0982_Library_Management_System_93.puml,5
0983_Library_Management_System_94.puml,4
0984_Library_Management_System_95.puml,3
0985_Library_Management_System_96.puml,4
0986_Library_Management_System_97.puml,5
0987_Library_Management_System_98.puml,2
0988_Library_Management_System_99.puml,6
0989_Library_Management_System_100.puml,5
0990_Library_Management_System_101.puml,3
0991_Library_Management_System_102.puml,4
0992_Library_Management_System_103.puml,3
0993_Library_Management_System_104.puml,1
0994_Library_Management_System_105.puml,2
0995_Library_Management_System_106.puml,4
0996_Library_Management_System_107.puml,4
0997_Library_Management_System_108.puml,4
0998_Library_Management_System_109.puml,3
0999_Library_Management_System_110.puml,3
1000_Library_Management_System_111.puml,5
1001_Library_Management_System_112.puml,3
1002_Library_Management_System_113.puml,3
1003_Library_Management_System_114.puml,4
1004_Library_Management_System_115.puml,3
1005_Library_Management_System_116.puml,5
1006_Library_Management_System_117.puml,4
1007_Library_Management_System_118.puml,3
1008_Library_Management_System_119.puml,5
1009_Library_Management_System_120.puml,4
1010_Library_Management_System_121.puml,3
1011_Library_Management_System_122.puml,6
1012_Library_Management_System_123.puml,5
1013_Library_Management_System_124.puml,6
1014_Library_Management_System_125.puml,5
1015_Library_Management_System_126.puml,4
1016_Library_Management_System_127.puml,3
1017_Library_Management_System_128.puml,4
1018_Library_Management_System_129.puml,4
1019_Library_Management_System_130.puml,3
1020_Library_Management_System_131.puml,4
1021_Library_Management_System_132.puml,4
1022_Library_Management_System_133.puml,5
1023_Library_Management_System_134.puml,6
1024_Library_Management_System_135.puml,5
1025_Library_Management_System_136.puml,3
1026_Library_Management_System_137.puml,3
1027_Library_Management_System_138.puml,0
1028_Library_Management_System_139.puml,5
1029_Library_Management_System_140.puml,5
1030_Library_Management_System_141.puml,6
1031_Library_Management_System_142.puml,4
1032_Library_Management_System_143.puml,5
1033_Library_Management_System_144.puml,4
1034_Library_Management_System_145.puml,4
1035_Library_Management_System_146.puml,4
1036_Library_Management_System_147.puml,4
1037_Library_Management_System_148.puml,2
1038_Library_Management_System_149.puml,4
1039_Library_Management_System_150.puml,6
1040_Library_Management_System_151.puml,4
1041_Library_Management_System_152.puml,5
1042_Library_Management_System_153.puml,4
1043_Library_Management_System_154.puml,4
1044_Library_Management_System_155.puml,4
1045_Library_Management_System_156.puml,4
1046_Library_Management_System_157.puml,4
1047_Library_Management_System_158.puml,4
1048_Library_Management_System_159.puml,5
1049_Library_Management_System_160.puml,3
1050_Library_Management_System_161.puml,4
1051_Library_Management_System_162.puml,4
1052_Library_Management_System_163.puml,5
1053_Library_Management_System_164.puml,4
1054_Library_Management_System_165.puml,0
1055_Library_Management_System_166.puml,5
1056_Library_Management_System_167.puml,4
1057_Library_Management_System_168.puml,4
1058_Library_Management_System_169.puml,5
1059_Library_Management_System_170.puml,4
1060_Library_Management_System_171.puml,5
1061_Library_Management_System_172.puml,5
1062_Library_Management_System_173.puml,5
1063_Library_Management_System_174.puml,4
1064_Library_Management_System_175.puml,5
1065_Library_Management_System_176.puml,4
1066_Library_Management_System_177.puml,4
1067_Library_Management_System_178.puml,4
1068_Library_Management_System_179.puml,3
1069_Library_Management_System_180.puml,3
1070_Library_Management_System_181.puml,4
1071_Library_Management_System_182.puml,0
1072_Library_Management_System_183.puml,2
1073_Library_Management_System_184.puml,3
1074_Library_Management_System_185.puml,4
1075_Library_Management_System_186.puml,3
1076_Library_Management_System_187.puml,3
1077_Library_Management_System_188.puml,4
1078_Library_Management_System_189.puml,4
1079_Library_Management_System_190.puml,4
1080_Library_Management_System_191.puml,2
1081_Library_Management_System_192.puml,3
1082_Library_Management_System_193.puml,5
1083_Library_Management_System_194.puml,5
1084_Library_Management_System_195.puml,4
1085_Library_Management_System_196.puml,3
1086_Library_Management_System_197.puml,3
1087_Library_Management_System_198.puml,4
1088_Library_Management_System_199.puml,4
1089_Library_Management_System_200.puml,4
1090_Library_Management_System_201.puml,4
1091_Library_Management_System_202.puml,2
1092_Library_Management_System_203.puml,5
1093_Library_Management_System_204.puml,4
1094_Library_Management_System_205.puml,2
1095_Library_Management_System_206.puml,4
1096_Library_Management_System_207.puml,5
1097_Library_Management_System_208.puml,3
1098_Library_Management_System_209.puml,3
1099_Library_Management_System_210.puml,0
1100_Library_Management_System_211.puml,2
1101_Library_Management_System_212.puml,2
1102_Library_Management_System_213.puml,5
1103_Library_Management_System_214.puml,4
1104_Library_Management_System_215.puml,3
1105_Library_Management_System_216.puml,5
1106_Library_Management_System_217.puml,3
1107_Library_Management_System_218.puml,5
1108_Library_Management_System_219.puml,4
1109_Library_Management_System_220.puml,3
1110_Library_Management_System_221.puml,4
1111_Library_Management_System_222.puml,5
1112_Library_Management_System_223.puml,3
1113_Library_Management_System_224.puml,3
1114_Library_Management_System_225.puml,3
1115_Library_Management_System_226.puml,4
1116_Library_Management_System_227.puml,6
1117_Library_Management_System_228.puml,3
1118_Library_Management_System_229.puml,0
1119_Library_Management_System_230.puml,3
1120_Library_Management_System_231.puml,4
1121_Library_Management_System_232.puml,3
1122_Library_Management_System_233.puml,4
1123_Library_Management_System_234.puml,4
1124_Library_Management_System_235.puml,4
1125_Library_Management_System_236.puml,2
1126_Library_Management_System_237.puml,3
1127_Library_Management_System_238.puml,3
1128_Library_Management_System_239.puml,3
1129_Library_Management_System_240.puml,5
1130_Library_Management_System_241.puml,5
1131_Library_Management_System_242.puml,3
1132_Library_Management_System_243.puml,4
1133_Library_Management_System_244.puml,6
1134_Library_Management_System_245.puml,5
1135_Library_Management_System_246.puml,3
1136_Library_Management_System_247.puml,0
1137_Library_Management_System_248.puml,3
1138_Library_Management_System_249.puml,4
1139_Library_Management_System_250.puml,4
1140_Library_Management_System_251.puml,0
1141_Library_Management_System_252.puml,5
1142_Library_Management_System_253.puml,0
1143_Library_Management_System_254.puml,6
1144_Library_Management_System_255.puml,3
1145_Library_Management_System_256.puml,5
1146_Library_Management_System_257.puml,3
1147_Library_Management_System_258.puml,2
1148_Library_Management_System_259.puml,3
1149_Library_Management_System_260.puml,0
1150_Library_Management_System_261.puml,3
1151_Library_Management_System_262.puml,0
1152_Library_Management_System_263.puml,3
1153_Library_Management_System_264.puml,3
1154_Library_Management_System_265.puml,4
1155_Library_Management_System_266.puml,0
1156_Library_Management_System_267.puml,4
1157_Library_Management_System_268.puml,3
1158_Library_Management_System_269.puml,4
1159_Library_Management_System_270.puml,4
1160_Library_Management_System_271.puml,3
1161_Library_Management_System_272.puml,5
1162_Library_Management_System_273.puml,3
1163_Library_Management_System_274.puml,4
1164_Library_Management_System_275.puml,3
1165_Library_Management_System_276.puml,4
1166_Library_Management_System_277.puml,5
1167_Library_Management_System_278.puml,4
1168_Library_Management_System_279.puml,0
1169_Library_Management_System_280.puml,5
1170_Library_Management_System_281.puml,0
1171_Library_Management_System_282.puml,3
1172_Library_Management_System_283.puml,3
1173_Library_Management_System_284.puml,4
1174_Library_Management_System_285.puml,3
1175_Library_Management_System_286.puml,4
1176_Library_Management_System_287.puml,0
1177_Library_Management_System_288.puml,5
1178_Library_Management_System_289.puml,4
1179_Library_Management_System_290.puml,0
1180_Library_Management_System_291.puml,4
1181_Library_Management_System_292.puml,4
1182_Library_Management_System_293.puml,4
1183_Library_Management_System_294.puml,4
1184_Library_Management_System_295.puml,2
1185_Library_Management_System_296.puml,5
1186_Library_Management_System_297.puml,4
1187_Library_Management_System_298.puml,4
1188_Library_Management_System_299.puml,4
1189_Library_Management_System_300.puml,4
1190_Library_Management_System_301.puml,4
1191_Library_Management_System_302.puml,3
1192_Library_Management_System_303.puml,4
1193_Library_Management_System_304.puml,5
1194_Library_Management_System_305.puml,4
1195_Library_Management_System_306.puml,3
1196_Library_Management_System_307.puml,4
1197_Library_Management_System_308.puml,4
1198_Library_Management_System_309.puml,6
1199_Library_Management_System_310.puml,3
1200_Library_Management_System_311.puml,5
1201_Library_Management_System_312.puml,4
1202_Library_Management_System_313.puml,3
1203_Library_Management_System_314.puml,5
1204_Library_Management_System_315.puml,4
1205_Library_Management_System_316.puml,4
1206_Library_Management_System_317.puml,4
1207_Library_Management_System_318.puml,4
1208_Library_Management_System_319.puml,4
1209_Library_Management_System_320.puml,3
1210_Library_Management_System_321.puml,3
1211_Library_Management_System_322.puml,3
1212_Library_Management_System_323.puml,4
1213_Library_Management_System_324.puml,0
1214_Library_Management_System_325.puml,0
1215_Library_Management_System_326.puml,4
1216_Library_Management_System_327.puml,3
1217_Library_Management_System_328.puml,4
1218_Library_Management_System_329.puml,0
1219_Library_Management_System_330.puml,5
1220_Library_Management_System_331.puml,5
1221_Library_Management_System_332.puml,2
1222_Library_Management_System_333.puml,3
1223_Library_Management_System_334.puml,4
1224_Library_Management_System_335.puml,4
1225_Library_Management_System_336.puml,3
1226_Library_Management_System_337.puml,3
1227_Library_Management_System_338.puml,6
1228_Library_Management_System_339.puml,5
1229_Library_Management_System_340.puml,3
1230_Library_Management_System_341.puml,5
1231_Library_Management_System_342.puml,4
1232_Library_Management_System_343.puml,4
1233_Library_Management_System_344.puml,2
1234_Library_Management_System_345.puml,2
1235_Library_Management_System_346.puml,4
1236_Library_Management_System_347.puml,5
1237_Library_Management_System_348.puml,4
1238_Library_Management_System_349.puml,4
1239_Library_Management_System_350.puml,2
1240_Library_Management_System_351.puml,4
1241_Library_Management_System_352.puml,2
1242_Library_Management_System_353.puml,3
1243_Library_Management_System_354.puml,4
1244_Library_Management_System_355.puml,3
1245_Library_Management_System_356.puml,3
1246_Library_Management_System_357.puml,3
1247_Library_Management_System_358.puml,4
1248_Library_Management_System_359.puml,5
1249_Library_Management_System_360.puml,4
1250_Library_Management_System_361.puml,5
1251_Library_Management_System_362.puml,3
1252_Library_Management_System_363.puml,3
1253_Library_Management_System_364.puml,4
1254_Library_Management_System_365.puml,5
1255_Library_Management_System_366.puml,5
1256_Library_Management_System_367.puml,4
1257_Library_Management_System_368.puml,4
1258_Library_Management_System_369.puml,4
1259_Library_Management_System_370.puml,4
1260_Library_Management_System_371.puml,4
1261_Library_Management_System_372.puml,4
1262_Library_Management_System_373.puml,4
1263_Library_Management_System_374.puml,3
1264_Library_Management_System_375.puml,4
1265_Library_Management_System_376.puml,4
1266_Library_Management_System_377.puml,4
1267_Library_Management_System_378.puml,5
1268_Library_Management_System_379.puml,2
1269_Library_Management_System_380.puml,5
1270_Library_Management_System_381.puml,3
1271_Library_Management_System_382.puml,5
1272_Library_Management_System_383.puml,3
1273_Library_Management_System_384.puml,0
1274_zooniverse_1.puml,4
1275_zooniverse_2.puml,5
1276_zooniverse_3.puml,6
1277_zooniverse_4.puml,5
1278_zooniverse_5.puml,3
1279_zooniverse_6.puml,7
1280_zooniverse_7.puml,5
1281_zooniverse_8.puml,4
1282_zooniverse_9.puml,6
1283_zooniverse_10.puml,6
1284_zooniverse_11.puml,5
1285_zooniverse_12.puml,5
1286_zooniverse_13.puml,4
1287_zooniverse_14.puml,4
1288_zooniverse_15.puml,4
1289_zooniverse_16.puml,6
1290_zooniverse_17.puml,4
1291_zooniverse_18.puml,5
1292_zooniverse_19.puml,4
1293_zooniverse_20.puml,5
1294_zooniverse_21.puml,5
1295_zooniverse_22.puml,5
1296_zooniverse_23.puml,3
1297_zooniverse_24.puml,5
1298_zooniverse_25.puml,5
1299_zooniverse_26.puml,3
1300_zooniverse_27.puml,7
1301_zooniverse_28.puml,7
1302_zooniverse_29.puml,5
1303_zooniverse_30.puml,7
1304_zooniverse_31.puml,7
1305_zooniverse_32.puml,4
1306_zooniverse_33.puml,5
1307_zooniverse_34.puml,0
1308_zooniverse_35.puml,5
1309_zooniverse_36.puml,5
1310_zooniverse_37.puml,5
1311_zooniverse_38.puml,5
1312_zooniverse_39.puml,6
1313_zooniverse_40.puml,4
1314_zooniverse_41.puml,5
1315_zooniverse_42.puml,6
1316_zooniverse_43.puml,5
1317_zooniverse_44.puml,4
1318_zooniverse_45.puml,6
1319_zooniverse_46.puml,5
1320_zooniverse_47.puml,5
1321_zooniverse_48.puml,5
1322_zooniverse_49.puml,5
1323_zooniverse_50.puml,6
1324_zooniverse_51.puml,5
1325_zooniverse_52.puml,6
1326_zooniverse_53.puml,4
1327_zooniverse_54.puml,5
1328_zooniverse_55.puml,2
1329_zooniverse_56.puml,5
1330_zooniverse_57.puml,5
1331_zooniverse_58.puml,4
1332_zooniverse_59.puml,6
1333_zooniverse_60.puml,4
1334_rdadmp_1.puml,5
1335_rdadmp_2.puml,5
1336_rdadmp_3.puml,0
1337_rdadmp_4.puml,0
1338_rdadmp_5.puml,4
1339_rdadmp_6.puml,5
1340_rdadmp_7.puml,0
1341_rdadmp_8.puml,0
1342_rdadmp_9.puml,5
1343_rdadmp_10.puml,4
1344_rdadmp_11.puml,4
1345_rdadmp_12.puml,2
1346_rdadmp_13.puml,5
1347_rdadmp_14.puml,1
1348_rdadmp_15.puml,5
1349_rdadmp_16.puml,5
1350_rdadmp_17.puml,5
1351_rdadmp_18.puml,4
1352_rdadmp_19.puml,0
1353_rdadmp_20.puml,0
1354_rdadmp_21.puml,0
1355_rdadmp_22.puml,4
1356_rdadmp_23.puml,3
1357_rdadmp_24.puml,5
1358_rdadmp_25.puml,4
1359_rdadmp_26.puml,2
1360_rdadmp_27.puml,1
1361_rdadmp_28.puml,0
1362_rdadmp_29.puml,4
1363_rdadmp_30.puml,5
1364_rdadmp_31.puml,3
1365_rdadmp_32.puml,6
1366_rdadmp_33.puml,6
1367_rdadmp_34.puml,0
1368_rdadmp_35.puml,4
1369_rdadmp_36.puml,5
1370_rdadmp_37.puml,3
1371_rdadmp_38.puml,4
1372_rdadmp_39.puml,4
1373_rdadmp_40.puml,5
1374_rdadmp_41.puml,5
1375_rdadmp_42.puml,4
1376_rdadmp_43.puml,5
1377_rdadmp_44.puml,4
1378_rdadmp_45.puml,5
1379_rdadmp_46.puml,5
1380_rdadmp_47.puml,5
1381_rdadmp_48.puml,5
1382_rdadmp_49.puml,0
1383_rdadmp_50.puml,0
1384_rdadmp_51.puml,6
1385_rdadmp_52.puml,6
1386_rdadmp_53.puml,5
1387_rdadmp_54.puml,4
1388_rdadmp_55.puml,0
1389_rdadmp_56.puml,4
1390_rdadmp_57.puml,4
1391_rdadmp_58.puml,4
1392_rdadmp_59.puml,5
1393_rdadmp_60.puml,0
1394_rdadmp_61.puml,6
1395_rdadmp_62.puml,5
1396_rdadmp_63.puml,0
1397_rdadmp_64.puml,0
1398_rdadmp_65.puml,6
1399_rdadmp_66.puml,5
1400_rdadmp_67.puml,4
1401_rdadmp_68.puml,4
1402_rdadmp_69.puml,6
1403_rdadmp_70.puml,6
1404_rdadmp_71.puml,5
1405_rdadmp_72.puml,0
1406_rdadmp_73.puml,4
1407_rdadmp_74.puml,2
1408_rdadmp_75.puml,4
1409_rdadmp_76.puml,4
1410_rdadmp_77.puml,6
1411_rdadmp_78.puml,4
1412_rdadmp_79.puml,6
1413_rdadmp_80.puml,6
1414_rdadmp_81.puml,0
1415_rdadmp_82.puml,5
1416_rdadmp_83.puml,4
1417_badcamp_1.puml,6
1418_badcamp_2.puml,4
1419_badcamp_3.puml,4
1420_badcamp_4.puml,3
1421_badcamp_5.puml,4
1422_badcamp_6.puml,4
1423_badcamp_7.puml,3
1424_badcamp_8.puml,3
1425_badcamp_9.puml,4
1426_badcamp_10.puml,4
1427_badcamp_11.puml,5
1428_badcamp_12.puml,4
1429_badcamp_13.puml,4
1430_badcamp_14.puml,0
1431_badcamp_15.puml,4
1432_badcamp_16.puml,4
1433_badcamp_17.puml,3
1434_badcamp_18.puml,4
1435_badcamp_19.puml,5
1436_badcamp_20.puml,3
1437_badcamp_21.puml,0
1438_badcamp_22.puml,4
1439_badcamp_23.puml,5
1440_badcamp_24.puml,4
1441_badcamp_25.puml,4
1442_badcamp_26.puml,5
1443_badcamp_27.puml,5
1444_badcamp_28.puml,4
1445_badcamp_29.puml,5
1446_badcamp_30.puml,5
1447_badcamp_31.puml,5
1448_badcamp_32.puml,0
1449_badcamp_33.puml,5
1450_badcamp_34.puml,4
1451_badcamp_35.puml,4
1452_badcamp_36.puml,4
1453_badcamp_37.puml,5
1454_badcamp_38.puml,3
1455_badcamp_39.puml,3
1456_badcamp_40.puml,5
1457_badcamp_41.puml,5
1458_badcamp_42.puml,4
1459_badcamp_43.puml,5
1460_badcamp_44.puml,6
1461_badcamp_45.puml,0
1462_badcamp_46.puml,6
1463_badcamp_47.puml,0
1464_badcamp_48.puml,4
1465_badcamp_49.puml,4
1466_badcamp_50.puml,4
1467_badcamp_51.puml,5
1468_badcamp_52.puml,3
1469_badcamp_53.puml,4
1470_badcamp_54.puml,3
1471_badcamp_55.puml,4
1472_badcamp_56.puml,3
1473_badcamp_57.puml,3
1474_badcamp_58.puml,3
1475_badcamp_59.puml,5
1476_badcamp_60.puml,4
1477_badcamp_61.puml,5
1478_badcamp_62.puml,5
1479_badcamp_63.puml,5
1480_badcamp_64.puml,4
1481_badcamp_65.puml,4
1482_badcamp_66.puml,4
1483_badcamp_67.puml,4
1484_badcamp_68.puml,4
1485_badcamp_69.puml,3
1486_datahub_1.puml,7
1487_datahub_2.puml,7
1488_datahub_3.puml,5
1489_datahub_4.puml,6
1490_datahub_5.puml,4
1491_datahub_6.puml,4
1492_datahub_7.puml,8
1493_datahub_8.puml,6
1494_datahub_9.puml,5
1495_datahub_10.puml,6
1496_datahub_11.puml,6
1497_datahub_12.puml,5
1498_datahub_13.puml,6
1499_datahub_14.puml,3
1500_datahub_15.puml,7
1501_datahub_16.puml,2
1502_datahub_17.puml,6
1503_datahub_18.puml,8
1504_datahub_19.puml,0
1505_datahub_20.puml,6
1506_datahub_21.puml,4
1507_datahub_22.puml,5
1508_datahub_23.puml,5
1509_datahub_24.puml,4
1510_datahub_25.puml,6
1511_datahub_26.puml,0
1512_datahub_27.puml,5
1513_datahub_28.puml,4
1514_datahub_29.puml,3
1515_datahub_30.puml,3
1516_datahub_31.puml,4
1517_datahub_32.puml,5
1518_datahub_33.puml,4
1519_datahub_34.puml,7
1520_datahub_35.puml,4
1521_datahub_36.puml,6
1522_datahub_37.puml,0
1523_datahub_38.puml,3
1524_datahub_39.puml,4
1525_datahub_40.puml,5
1526_datahub_41.puml,3
1527_datahub_42.puml,6
1528_datahub_43.puml,5
1529_datahub_44.puml,4
1530_datahub_45.puml,5
1531_datahub_46.puml,3
1532_datahub_47.puml,7
1533_datahub_48.puml,4
1534_datahub_49.puml,6
1535_datahub_50.puml,4
1536_datahub_51.puml,4
1537_datahub_52.puml,3
1538_datahub_53.puml,0
1539_datahub_54.puml,3
1540_datahub_55.puml,3
1541_datahub_56.puml,2
1542_datahub_57.puml,4
1543_datahub_58.puml,4
1544_datahub_59.puml,4
1545_datahub_60.puml,3
1546_datahub_61.puml,6
1547_datahub_62.puml,4
1548_datahub_63.puml,3
1549_datahub_64.puml,4
1550_datahub_65.puml,4
1551_datahub_66.puml,5
1552_datahub_67.puml,3
1553_mis_1.puml,0
1554_mis_2.puml,5
1555_mis_3.puml,4
1556_mis_4.puml,4
1557_mis_5.puml,4
1558_mis_6.puml,4
1559_mis_7.puml,3
1560_mis_8.puml,4
1561_mis_9.puml,6
1562_mis_10.puml,3
1563_mis_11.puml,7
1564_mis_12.puml,5
1565_mis_13.puml,3
1566_mis_14.puml,4
1567_mis_15.puml,0
1568_mis_16.puml,5
1569_mis_17.puml,5
1570_mis_18.puml,5
1571_mis_19.puml,4
1572_mis_20.puml,5
1573_mis_21.puml,4
1574_mis_22.puml,0
1575_mis_23.puml,5
1576_mis_24.puml,5
1577_mis_25.puml,5
1578_mis_26.puml,0
1579_mis_27.puml,5
1580_mis_28.puml,4
1581_mis_29.puml,3
1582_mis_30.puml,5
1583_mis_31.puml,2
1584_mis_32.puml,4
1585_mis_33.puml,3
1586_mis_34.puml,5
1587_mis_35.puml,5
1588_mis_36.puml,5
1589_mis_37.puml,4
1590_mis_38.puml,4
1591_mis_39.puml,5
1592_mis_40.puml,6
1593_mis_41.puml,5
1594_mis_42.puml,5
1595_mis_43.puml,0
1596_mis_44.puml,4
1597_mis_45.puml,5
1598_mis_46.puml,5
1599_mis_47.puml,4
1600_mis_48.puml,6
1601_mis_49.puml,4
1602_mis_50.puml,3
1603_mis_51.puml,4
1604_mis_52.puml,5
1605_mis_53.puml,5
1606_mis_54.puml,5
1607_mis_55.puml,5
1608_mis_56.puml,4
1609_mis_57.puml,5
1610_mis_58.puml,5
1611_mis_59.puml,6
1612_mis_60.puml,4
1613_mis_61.puml,5
1614_mis_62.puml,4
1615_mis_63.puml,5
1616_mis_64.puml,3
1617_mis_65.puml,4
1618_mis_66.puml,6
1619_mis_67.puml,3
1620_mis_68.puml,4
1621_racdam_1.puml,4
1622_racdam_2.puml,3
1623_racdam_3.puml,4
1624_racdam_4.puml,5
1625_racdam_5.puml,5
1626_racdam_6.puml,4
1627_racdam_7.puml,0
1628_racdam_8.puml,4
1629_racdam_9.puml,4
1630_racdam_10.puml,4
1631_racdam_11.puml,4
1632_racdam_12.puml,4
1633_racdam_13.puml,5
1634_racdam_14.puml,6
1635_racdam_15.puml,5
1636_racdam_16.puml,6
1637_racdam_17.puml,8
1638_racdam_18.puml,5
1639_racdam_19.puml,5
1640_racdam_20.puml,5
1641_racdam_21.puml,3
1642_racdam_22.puml,4
1643_racdam_23.puml,5
1644_racdam_24.puml,4
1645_racdam_25.puml,7
1646_racdam_26.puml,4
1647_racdam_27.puml,5
1648_racdam_28.puml,5
1649_racdam_29.puml,5
1650_racdam_30.puml,5
1651_racdam_31.puml,3
1652_racdam_32.puml,2
1653_racdam_33.puml,5
1654_racdam_34.puml,4
1655_racdam_35.puml,5
1656_racdam_36.puml,4
1657_racdam_37.puml,3
1658_racdam_38.puml,6
1659_racdam_39.puml,5
1660_racdam_40.puml,6
1661_racdam_41.puml,5
1662_racdam_42.puml,3
1663_racdam_43.puml,6
1664_racdam_44.puml,3
1665_racdam_45.puml,3
1666_racdam_46.puml,4
1667_racdam_47.puml,6
1668_racdam_48.puml,6
1669_racdam_49.puml,5
1670_racdam_50.puml,5
1671_racdam_51.puml,6
1672_racdam_52.puml,4
1673_racdam_53.puml,3
1674_racdam_54.puml,5
1675_racdam_55.puml,6
1676_racdam_56.puml,5
1677_racdam_57.puml,3
1678_racdam_58.puml,6
1679_racdam_59.puml,6
1680_racdam_60.puml,4
1681_racdam_61.puml,6
1682_racdam_62.puml,7
1683_racdam_63.puml,0
1684_racdam_64.puml,6
1685_racdam_65.puml,5
1686_racdam_66.puml,6
1687_racdam_67.puml,5
1688_racdam_68.puml,5
1689_racdam_69.puml,4
1690_racdam_70.puml,4
1691_racdam_71.puml,4
1692_racdam_72.puml,4
1693_racdam_73.puml,4
1694_racdam_74.puml,6
1695_racdam_75.puml,3
1696_racdam_76.puml,3
1697_racdam_77.puml,5
1698_racdam_78.puml,4
1699_racdam_79.puml,6
1700_racdam_80.puml,5
1701_racdam_81.puml,6
1702_racdam_82.puml,5
1703_racdam_83.puml,4
1704_racdam_84.puml,4
1705_racdam_85.puml,4
1706_racdam_86.puml,4
1707_racdam_87.puml,4
1708_racdam_88.puml,5
1709_racdam_89.puml,3
1710_racdam_90.puml,4
1711_racdam_91.puml,5
1712_racdam_92.puml,4
1713_racdam_93.puml,6
1714_racdam_94.puml,3
1715_racdam_95.puml,2
1716_racdam_96.puml,5
1717_racdam_97.puml,5
1718_racdam_98.puml,0
1719_racdam_99.puml,5
1720_racdam_100.puml,4
1721_planningpoker_1.puml,3
1722_planningpoker_2.puml,1
1723_planningpoker_3.puml,3
1724_planningpoker_4.puml,4
1725_planningpoker_5.puml,3
1726_planningpoker_6.puml,3
1727_planningpoker_7.puml,0
1728_planningpoker_8.puml,3
1729_planningpoker_9.puml,4
1730_planningpoker_10.puml,3
1731_planningpoker_11.puml,1
1732_planningpoker_12.puml,3
1733_planningpoker_13.puml,2
1734_planningpoker_14.puml,4
1735_planningpoker_15.puml,4
1736_planningpoker_16.puml,3
1737_planningpoker_17.puml,4
1738_planningpoker_18.puml,4
1739_planningpoker_19.puml,3
1740_planningpoker_20.puml,4
1741_planningpoker_21.puml,4
1742_planningpoker_22.puml,4
1743_planningpoker_23.puml,3
1744_planningpoker_24.puml,0
1745_planningpoker_25.puml,4
1746_planningpoker_26.puml,5
1747_planningpoker_27.puml,4
1748_planningpoker_28.puml,2
1749_planningpoker_29.puml,4
1750_planningpoker_30.puml,3
1751_planningpoker_31.puml,2
1752_planningpoker_32.puml,5
1753_planningpoker_33.puml,0
1754_planningpoker_34.puml,0
1755_planningpoker_35.puml,4
1756_planningpoker_36.puml,5
1757_planningpoker_37.puml,6
1758_planningpoker_38.puml,4
1759_planningpoker_39.puml,0
1760_planningpoker_40.puml,5
1761_planningpoker_41.puml,4
1762_planningpoker_42.puml,5
1763_planningpoker_43.puml,0
1764_planningpoker_44.puml,2
1765_planningpoker_45.puml,0
1766_planningpoker_46.puml,3
1767_planningpoker_47.puml,5
1768_planningpoker_48.puml,4
1769_planningpoker_49.puml,3
1770_planningpoker_50.puml,4
1771_planningpoker_51.puml,3
1772_planningpoker_52.puml,2
1773_planningpoker_53.puml,4
1774_Restaurant_Management_System_1.puml,3
1775_Restaurant_Management_System_2.puml,0
1776_Restaurant_Management_System_3.puml,3
1777_Restaurant_Management_System_4.puml,0
1778_Restaurant_Management_System_5.puml,3
1779_Restaurant_Management_System_6.puml,4
1780_Restaurant_Management_System_7.puml,2
1781_Restaurant_Management_System_8.puml,5
1782_Restaurant_Management_System_9.puml,6
1783_Restaurant_Management_System_10.puml,3
1784_Restaurant_Management_System_11.puml,1
1785_Restaurant_Management_System_12.puml,3
1786_Restaurant_Management_System_13.puml,5
1787_Restaurant_Management_System_14.puml,4
1788_Restaurant_Management_System_15.puml,5
1789_Restaurant_Management_System_16.puml,3
1790_Restaurant_Management_System_17.puml,2
1791_Restaurant_Management_System_18.puml,4
1792_Restaurant_Management_System_19.puml,1
1793_Restaurant_Management_System_20.puml,4
1794_Restaurant_Management_System_21.puml,4
1795_Restaurant_Management_System_22.puml,5
1796_Restaurant_Management_System_23.puml,3
1797_Restaurant_Management_System_24.puml,4
1798_Restaurant_Management_System_25.puml,3
1799_Restaurant_Management_System_26.puml,3
1800_Restaurant_Management_System_27.puml,4
1801_Restaurant_Management_System_28.puml,4
1802_Restaurant_Management_System_29.puml,4
1803_Restaurant_Management_System_30.puml,4
1804_Restaurant_Management_System_31.puml,5
1805_Restaurant_Management_System_32.puml,4
1806_Restaurant_Management_System_33.puml,3
1807_Restaurant_Management_System_34.puml,4
1808_Restaurant_Management_System_35.puml,3
1809_Restaurant_Management_System_36.puml,4
1810_Restaurant_Management_System_37.puml,3
1811_Restaurant_Management_System_38.puml,4
1812_Restaurant_Management_System_39.puml,3
1813_Restaurant_Management_System_40.puml,3
1814_Restaurant_Management_System_41.puml,2
1815_Restaurant_Management_System_42.puml,2
1816_Restaurant_Management_System_43.puml,3
1817_Restaurant_Management_System_44.puml,4
1818_Restaurant_Management_System_45.puml,4
1819_Restaurant_Management_System_46.puml,2
1820_Restaurant_Management_System_47.puml,0
1821_Restaurant_Management_System_48.puml,0
1822_Restaurant_Management_System_49.puml,3
1823_Restaurant_Management_System_50.puml,0
1824_Restaurant_Management_System_51.puml,2
1825_Restaurant_Management_System_52.puml,3
1826_Restaurant_Management_System_53.puml,2
1827_Restaurant_Management_System_54.puml,1
1828_Restaurant_Management_System_55.puml,0
1829_Restaurant_Management_System_56.puml,3
1830_Restaurant_Management_System_57.puml,4
1831_Restaurant_Management_System_58.puml,4
1832_Restaurant_Management_System_59.puml,6
1833_Restaurant_Management_System_60.puml,4
1834_Restaurant_Management_System_61.puml,4
1835_Restaurant_Management_System_62.puml,3
1836_Restaurant_Management_System_63.puml,5
1837_Restaurant_Management_System_64.puml,3
1838_Restaurant_Management_System_65.puml,3
1839_Restaurant_Management_System_66.puml,4
1840_Restaurant_Management_System_67.puml,2
1841_Restaurant_Management_System_68.puml,3
1842_Restaurant_Management_System_69.puml,4
1843_Restaurant_Management_System_70.puml,4
1844_Restaurant_Management_System_71.puml,3
1845_Restaurant_Management_System_72.puml,3
1846_Restaurant_Management_System_73.puml,3
1847_Restaurant_Management_System_74.puml,3
1848_Restaurant_Management_System_75.puml,4
1849_Restaurant_Management_System_76.puml,0
1850_Restaurant_Management_System_77.puml,4
1851_Restaurant_Management_System_78.puml,3
1852_Restaurant_Management_System_79.puml,3
1853_Restaurant_Management_System_80.puml,3
1854_Restaurant_Management_System_81.puml,4
1855_Restaurant_Management_System_82.puml,4
1856_Restaurant_Management_System_83.puml,4
1857_Restaurant_Management_System_84.puml,4
1858_Restaurant_Management_System_85.puml,5
1859_Restaurant_Management_System_86.puml,5
1860_Restaurant_Management_System_87.puml,4
1861_Restaurant_Management_System_88.puml,4
1862_Restaurant_Management_System_89.puml,0
1863_Restaurant_Management_System_90.puml,4
1864_Restaurant_Management_System_91.puml,3
1865_Restaurant_Management_System_92.puml,4
1866_Restaurant_Management_System_93.puml,4
1867_Restaurant_Management_System_94.puml,5
1868_Restaurant_Management_System_95.puml,4
1869_Restaurant_Management_System_96.puml,4
1870_Restaurant_Management_System_97.puml,3
1871_Restaurant_Management_System_98.puml,4
1872_Restaurant_Management_System_99.puml,4
1873_Restaurant_Management_System_100.puml,3
1874_Restaurant_Management_System_101.puml,3
1875_Restaurant_Management_System_102.puml,4
1876_Restaurant_Management_System_103.puml,5
1877_Restaurant_Management_System_104.puml,4
1878_Restaurant_Management_System_105.puml,3
1879_Restaurant_Management_System_106.puml,2
1880_Restaurant_Management_System_107.puml,3
1881_Restaurant_Management_System_108.puml,3
1882_Restaurant_Management_System_109.puml,3
1883_Restaurant_Management_System_110.puml,3
1884_Restaurant_Management_System_111.puml,5
1885_Restaurant_Management_System_112.puml,3
1886_Restaurant_Management_System_113.puml,3
1887_Restaurant_Management_System_114.puml,5
1888_Restaurant_Management_System_115.puml,3
1889_Restaurant_Management_System_116.puml,4
1890_Restaurant_Management_System_117.puml,4
1891_Restaurant_Management_System_118.puml,4
1892_Restaurant_Management_System_119.puml,4
1893_Restaurant_Management_System_120.puml,0
1894_Restaurant_Management_System_121.puml,4
1895_Restaurant_Management_System_122.puml,3
1896_Restaurant_Management_System_123.puml,4
1897_Restaurant_Management_System_124.puml,4
1898_Restaurant_Management_System_125.puml,0
1899_Restaurant_Management_System_126.puml,4
1900_Restaurant_Management_System_127.puml,4
1901_Restaurant_Management_System_128.puml,4
1902_Restaurant_Management_System_129.puml,4
1903_Restaurant_Management_System_130.puml,4
1904_Restaurant_Management_System_131.puml,2
1905_Restaurant_Management_System_132.puml,3
1906_Restaurant_Management_System_133.puml,4
1907_Restaurant_Management_System_134.puml,5
1908_Restaurant_Management_System_135.puml,4
1909_Restaurant_Management_System_136.puml,3
1910_Restaurant_Management_System_137.puml,4
1911_Restaurant_Management_System_138.puml,4
1912_Restaurant_Management_System_139.puml,3
1913_Restaurant_Management_System_140.puml,4
1914_Restaurant_Management_System_141.puml,4
1915_Restaurant_Management_System_142.puml,3
1916_Restaurant_Management_System_143.puml,4
1917_Restaurant_Management_System_144.puml,3
1918_Restaurant_Management_System_145.puml,5
1919_Restaurant_Management_System_146.puml,3
1920_Restaurant_Management_System_147.puml,4
1921_Restaurant_Management_System_148.puml,3
1922_Restaurant_Management_System_149.puml,3
1923_Restaurant_Management_System_150.puml,5
1924_Restaurant_Management_System_151.puml,7
1925_Restaurant_Management_System_152.puml,4
1926_Restaurant_Management_System_153.puml,4
1927_Restaurant_Management_System_154.puml,2
1928_Restaurant_Management_System_155.puml,1
1929_Restaurant_Management_System_156.puml,3
1930_Restaurant_Management_System_157.puml,4
1931_Restaurant_Management_System_158.puml,4
1932_Restaurant_Management_System_159.puml,3
1933_Restaurant_Management_System_160.puml,3
1934_Restaurant_Management_System_161.puml,5
1935_Restaurant_Management_System_162.puml,5
1936_Restaurant_Management_System_163.puml,4
1937_Restaurant_Management_System_164.puml,4
1938_Restaurant_Management_System_165.puml,2
1939_Restaurant_Management_System_166.puml,4
1940_Restaurant_Management_System_167.puml,3
1941_Restaurant_Management_System_168.puml,4
1942_Restaurant_Management_System_169.puml,4
1943_Restaurant_Management_System_170.puml,4
1944_Restaurant_Management_System_171.puml,4
1945_Restaurant_Management_System_172.puml,3
1946_Restaurant_Management_System_173.puml,4
1947_Restaurant_Management_System_174.puml,4
1948_Restaurant_Management_System_175.puml,3
1949_Restaurant_Management_System_176.puml,4
1950_Restaurant_Management_System_177.puml,3
1951_Restaurant_Management_System_178.puml,4
1952_Restaurant_Management_System_179.puml,4
1953_Restaurant_Management_System_180.puml,3
1954_Restaurant_Management_System_181.puml,4
1955_Restaurant_Management_System_182.puml,3
1956_Restaurant_Management_System_183.puml,3
1957_Restaurant_Management_System_184.puml,5
1958_Restaurant_Management_System_185.puml,4
1959_Restaurant_Management_System_186.puml,3
1960_Restaurant_Management_System_187.puml,3
1961_Restaurant_Management_System_188.puml,4
1962_Restaurant_Management_System_189.puml,5
1963_Restaurant_Management_System_190.puml,3
1964_Restaurant_Management_System_191.puml,5
1965_Restaurant_Management_System_192.puml,4
1966_Restaurant_Management_System_193.puml,3
1967_Restaurant_Management_System_194.puml,4
1968_Restaurant_Management_System_195.puml,4
1969_Restaurant_Management_System_196.puml,3
1970_Restaurant_Management_System_197.puml,4
1971_Restaurant_Management_System_198.puml,3
1972_Restaurant_Management_System_199.puml,4
1973_Restaurant_Management_System_200.puml,3
1974_Restaurant_Management_System_201.puml,4
1975_Restaurant_Management_System_202.puml,4
1976_Restaurant_Management_System_203.puml,3
1977_Restaurant_Management_System_204.puml,4
1978_Restaurant_Management_System_205.puml,4
1979_Restaurant_Management_System_206.puml,5
1980_Restaurant_Management_System_207.puml,3
1981_Restaurant_Management_System_208.puml,4
1982_Restaurant_Management_System_209.puml,4
1983_Restaurant_Management_System_210.puml,0
1984_Restaurant_Management_System_211.puml,3
1985_Restaurant_Management_System_212.puml,1
1986_Restaurant_Management_System_213.puml,4
1987_Restaurant_Management_System_214.puml,5
1988_Restaurant_Management_System_215.puml,4
1989_Restaurant_Management_System_216.puml,4
1990_Restaurant_Management_System_217.puml,3
1991_Restaurant_Management_System_218.puml,4
1992_Restaurant_Management_System_219.puml,4
1993_Restaurant_Management_System_220.puml,3
1994_Restaurant_Management_System_221.puml,0
1995_Restaurant_Management_System_222.puml,3
1996_Restaurant_Management_System_223.puml,4
1997_Restaurant_Management_System_224.puml,6
1998_Restaurant_Management_System_225.puml,4
1999_Restaurant_Management_System_226.puml,3
2000_Restaurant_Management_System_227.puml,5
2001_Restaurant_Management_System_228.puml,4
2002_Restaurant_Management_System_229.puml,4
2003_Restaurant_Management_System_230.puml,4
2004_Restaurant_Management_System_231.puml,4
2005_Restaurant_Management_System_232.puml,3
2006_Restaurant_Management_System_233.puml,4
2007_Restaurant_Management_System_234.puml,3
2008_Restaurant_Management_System_235.puml,5
2009_Restaurant_Management_System_236.puml,3
2010_Restaurant_Management_System_237.puml,5
2011_Restaurant_Management_System_238.puml,4
2012_Restaurant_Management_System_239.puml,5
2013_Restaurant_Management_System_240.puml,4
2014_Restaurant_Management_System_241.puml,2
2015_Restaurant_Management_System_242.puml,4
2016_Restaurant_Management_System_243.puml,4
2017_Restaurant_Management_System_244.puml,6
2018_Restaurant_Management_System_245.puml,4
2019_Restaurant_Management_System_246.puml,4
2020_Restaurant_Management_System_247.puml,0
2021_Restaurant_Management_System_248.puml,3
2022_Restaurant_Management_System_249.puml,4
2023_Restaurant_Management_System_250.puml,3
2024_Restaurant_Management_System_251.puml,5
2025_Restaurant_Management_System_252.puml,4
2026_Restaurant_Management_System_253.puml,4
2027_Restaurant_Management_System_254.puml,4
2028_Restaurant_Management_System_255.puml,4
2029_Restaurant_Management_System_256.puml,5
2030_Restaurant_Management_System_257.puml,4
2031_Restaurant_Management_System_258.puml,3
2032_Restaurant_Management_System_259.puml,4
2033_Restaurant_Management_System_260.puml,4
2034_Restaurant_Management_System_261.puml,4
2035_Restaurant_Management_System_262.puml,2
2036_Restaurant_Management_System_263.puml,4
2037_Restaurant_Management_System_264.puml,5
2038_Restaurant_Management_System_265.puml,5
2039_Restaurant_Management_System_266.puml,5
2040_Restaurant_Management_System_267.puml,7
2041_Restaurant_Management_System_268.puml,0
2042_Restaurant_Management_System_269.puml,4
2043_Restaurant_Management_System_270.puml,2
2044_Restaurant_Management_System_271.puml,2
2045_Restaurant_Management_System_272.puml,3
2046_Restaurant_Management_System_273.puml,3
2047_Restaurant_Management_System_274.puml,2
2048_Restaurant_Management_System_275.puml,5
2049_Restaurant_Management_System_276.puml,4
2050_Restaurant_Management_System_277.puml,3
2051_Restaurant_Management_System_278.puml,3
2052_Restaurant_Management_System_279.puml,3
2053_Restaurant_Management_System_280.puml,3
2054_Restaurant_Management_System_281.puml,4
2055_Restaurant_Management_System_282.puml,3
2056_Restaurant_Management_System_283.puml,3
2057_Restaurant_Management_System_284.puml,1
2058_Restaurant_Management_System_285.puml,3
2059_Restaurant_Management_System_286.puml,3
2060_Restaurant_Management_System_287.puml,4
2061_Restaurant_Management_System_288.puml,4
2062_Restaurant_Management_System_289.puml,3
2063_Restaurant_Management_System_290.puml,4
2064_Restaurant_Management_System_291.puml,4
2065_Restaurant_Management_System_292.puml,4
2066_Restaurant_Management_System_293.puml,0
2067_Restaurant_Management_System_294.puml,4
2068_Restaurant_Management_System_295.puml,5
2069_Restaurant_Management_System_296.puml,4
2070_Restaurant_Management_System_297.puml,5
2071_Restaurant_Management_System_298.puml,5
2072_Restaurant_Management_System_299.puml,5
2073_Restaurant_Management_System_300.puml,3
2074_Restaurant_Management_System_301.puml,0
2075_Restaurant_Management_System_302.puml,3
2076_Restaurant_Management_System_303.puml,4
2077_Restaurant_Management_System_304.puml,3
2078_Restaurant_Management_System_305.puml,3
2079_Restaurant_Management_System_306.puml,3
2080_Restaurant_Management_System_307.puml,3
2081_Restaurant_Management_System_308.puml,3
2082_Restaurant_Management_System_309.puml,3
2083_Restaurant_Management_System_310.puml,3
2084_Restaurant_Management_System_311.puml,2
2085_Restaurant_Management_System_312.puml,1
2086_Restaurant_Management_System_313.puml,0
2087_Restaurant_Management_System_314.puml,3
2088_Restaurant_Management_System_315.puml,4
2089_Restaurant_Management_System_316.puml,3
2090_Restaurant_Management_System_317.puml,4
2091_Restaurant_Management_System_318.puml,4
2092_Restaurant_Management_System_319.puml,4
2093_Restaurant_Management_System_320.puml,3
2094_Restaurant_Management_System_321.puml,4
2095_Restaurant_Management_System_322.puml,3
2096_Restaurant_Management_System_323.puml,3
2097_Restaurant_Management_System_324.puml,3
2098_Restaurant_Management_System_325.puml,4
2099_Restaurant_Management_System_326.puml,4
2100_Restaurant_Management_System_327.puml,6
2101_Restaurant_Management_System_328.puml,0
2102_Restaurant_Management_System_329.puml,3
2103_Restaurant_Management_System_330.puml,4
2104_Restaurant_Management_System_331.puml,4
2105_Restaurant_Management_System_332.puml,5
2106_Restaurant_Management_System_333.puml,5
2107_Restaurant_Management_System_334.puml,4
2108_Restaurant_Management_System_335.puml,5
2109_Restaurant_Management_System_336.puml,0
2110_Restaurant_Management_System_337.puml,2
2111_Restaurant_Management_System_338.puml,5
2112_Restaurant_Management_System_339.puml,3
2113_Restaurant_Management_System_340.puml,4
2114_Restaurant_Management_System_341.puml,0
2115_Restaurant_Management_System_342.puml,4
2116_Restaurant_Management_System_343.puml,5
2117_Restaurant_Management_System_344.puml,4
2118_Restaurant_Management_System_345.puml,4
2119_Restaurant_Management_System_346.puml,4
2120_Restaurant_Management_System_347.puml,3
2121_Restaurant_Management_System_348.puml,4
2122_Restaurant_Management_System_349.puml,4
2123_Restaurant_Management_System_350.puml,4
2124_Restaurant_Management_System_351.puml,5
2125_Restaurant_Management_System_352.puml,3
2126_Restaurant_Management_System_353.puml,0
2127_Restaurant_Management_System_354.puml,2
2128_Restaurant_Management_System_355.puml,3
2129_Restaurant_Management_System_356.puml,3
2130_Restaurant_Management_System_357.puml,2
2131_Restaurant_Management_System_358.puml,4
2132_Restaurant_Management_System_359.puml,4
2133_Restaurant_Management_System_360.puml,4
2134_Restaurant_Management_System_361.puml,4
2135_Restaurant_Management_System_362.puml,4
2136_Restaurant_Management_System_363.puml,4
2137_Restaurant_Management_System_364.puml,4
2138_Restaurant_Management_System_365.puml,4
2139_Restaurant_Management_System_366.puml,5
2140_Restaurant_Management_System_367.puml,4
2141_Restaurant_Management_System_368.puml,3
2142_Restaurant_Management_System_369.puml,4
2143_Restaurant_Management_System_370.puml,4
2144_Restaurant_Management_System_371.puml,4
2145_Restaurant_Management_System_372.puml,4
2146_Restaurant_Management_System_373.puml,4
2147_Restaurant_Management_System_374.puml,3
2148_Restaurant_Management_System_375.puml,3
2149_Restaurant_Management_System_376.puml,3
2150_Restaurant_Management_System_377.puml,3
2151_Restaurant_Management_System_378.puml,0
2152_Restaurant_Management_System_379.puml,5
2153_Restaurant_Management_System_380.puml,4
2154_Restaurant_Management_System_381.puml,4
2155_Restaurant_Management_System_382.puml,5
2156_Restaurant_Management_System_383.puml,5
2157_Restaurant_Management_System_384.puml,5
2158_Restaurant_Management_System_385.puml,3
2159_Restaurant_Management_System_386.puml,4
2160_Restaurant_Management_System_387.puml,0
2161_Restaurant_Management_System_388.puml,0
2162_Restaurant_Management_System_389.puml,4
2163_recycling_1.puml,2
2164_recycling_2.puml,3
2165_recycling_3.puml,3
2166_recycling_4.puml,3
2167_recycling_5.puml,4
2168_recycling_6.puml,4
2169_recycling_7.puml,3
2170_recycling_8.puml,5
2171_recycling_9.puml,5
2172_recycling_10.puml,4
2173_recycling_11.puml,3
2174_recycling_12.puml,3
2175_recycling_13.puml,5
2176_recycling_14.puml,3
2177_recycling_15.puml,4
2178_recycling_16.puml,4
2179_recycling_17.puml,3
2180_recycling_18.puml,2
2181_recycling_19.puml,4
2182_recycling_20.puml,3
2183_recycling_21.puml,4
2184_recycling_22.puml,4
2185_recycling_23.puml,2
2186_recycling_24.puml,5
2187_recycling_25.puml,5
2188_recycling_26.puml,0
2189_recycling_27.puml,5
2190_recycling_28.puml,4
2191_recycling_29.puml,5
2192_recycling_30.puml,4
2193_recycling_31.puml,0
2194_recycling_32.puml,5
2195_recycling_33.puml,5
2196_recycling_34.puml,2
2197_recycling_35.puml,4
2198_recycling_36.puml,4
2199_recycling_37.puml,5
2200_recycling_38.puml,4
2201_recycling_39.puml,3
2202_recycling_40.puml,3
2203_recycling_41.puml,4
2204_recycling_42.puml,3
2205_recycling_43.puml,5
2206_recycling_44.puml,6
2207_recycling_45.puml,4
2208_recycling_46.puml,4
2209_recycling_47.puml,3
2210_recycling_48.puml,3
2211_recycling_49.puml,4
2212_recycling_50.puml,3
2213_recycling_51.puml,4
2214_cask_1.puml,5
2215_cask_2.puml,0
2216_cask_3.puml,5
2217_cask_4.puml,3
2218_cask_5.puml,5
2219_cask_6.puml,0
2220_cask_7.puml,6
2221_cask_8.puml,4
2222_cask_9.puml,4
2223_cask_10.puml,4
2224_cask_11.puml,0
2225_cask_12.puml,0
2226_cask_13.puml,5
2227_cask_14.puml,5
2228_cask_15.puml,6
2229_cask_16.puml,6
2230_cask_17.puml,4
2231_cask_18.puml,5
2232_cask_19.puml,5
2233_cask_20.puml,5
2234_cask_21.puml,2
2235_cask_22.puml,4
2236_cask_23.puml,4
2237_cask_24.puml,4
2238_cask_25.puml,5
2239_cask_26.puml,6
2240_cask_27.puml,5
2241_cask_28.puml,6
2242_cask_29.puml,5
2243_cask_30.puml,5
2244_cask_31.puml,6
2245_cask_32.puml,5
2246_cask_33.puml,6
2247_cask_34.puml,6
2248_cask_35.puml,4
2249_cask_36.puml,4
2250_cask_37.puml,5
2251_cask_38.puml,5
2252_cask_39.puml,5
2253_cask_40.puml,6
2254_cask_41.puml,3
2255_cask_42.puml,5
2256_cask_43.puml,4
2257_cask_44.puml,5
2258_cask_45.puml,3
2259_cask_46.puml,0
2260_cask_47.puml,6
2261_cask_48.puml,5
2262_cask_49.puml,3
2263_cask_50.puml,6
2264_cask_51.puml,5
2265_cask_52.puml,3
2266_cask_53.puml,4
2267_cask_54.puml,5
2268_cask_55.puml,4
2269_cask_56.puml,5
2270_cask_57.puml,2
2271_cask_58.puml,4
2272_cask_59.puml,6
2273_cask_60.puml,3
2274_cask_61.puml,0
2275_cask_62.puml,5
2276_cask_63.puml,3
2277_cask_64.puml,6
2278_openspending_1.puml,4
2279_openspending_2.puml,6
2280_openspending_3.puml,4
2281_openspending_4.puml,4
2282_openspending_5.puml,4
2283_openspending_6.puml,4
2284_openspending_7.puml,4
2285_openspending_8.puml,3
2286_openspending_9.puml,4
2287_openspending_10.puml,6
2288_openspending_11.puml,4
2289_openspending_12.puml,5
2290_openspending_13.puml,5
2291_openspending_14.puml,4
2292_openspending_15.puml,5
2293_openspending_16.puml,4
2294_openspending_17.puml,0
2295_openspending_18.puml,4
2296_openspending_19.puml,4
2297_openspending_20.puml,5
2298_openspending_21.puml,4
2299_openspending_22.puml,5
2300_openspending_23.puml,4
2301_openspending_24.puml,5
2302_openspending_25.puml,5
2303_openspending_26.puml,5
2304_openspending_27.puml,5
2305_openspending_28.puml,4
2306_openspending_29.puml,8
2307_openspending_30.puml,6
2308_openspending_31.puml,5
2309_openspending_32.puml,0
2310_openspending_33.puml,5
2311_openspending_34.puml,6
2312_openspending_35.puml,5
2313_openspending_36.puml,5
2314_openspending_37.puml,5
2315_openspending_38.puml,6
2316_openspending_39.puml,4
2317_openspending_40.puml,2
2318_openspending_41.puml,4
2319_openspending_42.puml,4
2320_openspending_43.puml,0
2321_openspending_44.puml,5
2322_openspending_45.puml,5
2323_openspending_46.puml,5
2324_openspending_47.puml,4
2325_openspending_48.puml,4
2326_openspending_49.puml,0
2327_openspending_50.puml,7
2328_openspending_51.puml,3
2329_openspending_52.puml,4
2330_openspending_53.puml,3
2331_archivesspace_1.puml,0
2332_archivesspace_2.puml,4
2333_archivesspace_3.puml,0
2334_archivesspace_4.puml,4
2335_archivesspace_5.puml,5
2336_archivesspace_6.puml,3
2337_archivesspace_7.puml,4
2338_archivesspace_8.puml,4
2339_archivesspace_9.puml,5
2340_archivesspace_10.puml,4
2341_archivesspace_11.puml,6
2342_archivesspace_12.puml,6
2343_archivesspace_13.puml,4
2344_archivesspace_14.puml,3
2345_archivesspace_15.puml,4
2346_archivesspace_16.puml,5
2347_archivesspace_17.puml,3
2348_archivesspace_18.puml,4
2349_archivesspace_19.puml,6
2350_archivesspace_20.puml,5
2351_archivesspace_21.puml,5
2352_archivesspace_22.puml,4
2353_archivesspace_23.puml,3
2354_archivesspace_24.puml,0
2355_archivesspace_25.puml,4
2356_archivesspace_26.puml,2
2357_archivesspace_27.puml,2
2358_archivesspace_28.puml,4
2359_archivesspace_29.puml,4
2360_archivesspace_30.puml,4
2361_archivesspace_31.puml,5
2362_archivesspace_32.puml,5
2363_archivesspace_33.puml,4
2364_archivesspace_34.puml,4
2365_archivesspace_35.puml,2
2366_archivesspace_36.puml,5
2367_archivesspace_37.puml,3
2368_archivesspace_38.puml,5
2369_archivesspace_39.puml,5
2370_archivesspace_40.puml,2
2371_archivesspace_41.puml,1
2372_archivesspace_42.puml,5
2373_archivesspace_43.puml,5
2374_archivesspace_44.puml,4
2375_archivesspace_45.puml,4
2376_archivesspace_46.puml,6
2377_archivesspace_47.puml,4
2378_archivesspace_48.puml,6
2379_archivesspace_49.puml,4
2380_archivesspace_50.puml,2
2381_archivesspace_51.puml,2
2382_archivesspace_52.puml,4
2383_archivesspace_53.puml,6
2384_archivesspace_54.puml,5
2385_archivesspace_55.puml,4
2386_archivesspace_56.puml,6
2387_archivesspace_57.puml,6
2388_frictionless_1.puml,4
2389_frictionless_2.puml,4
2390_frictionless_3.puml,4
2391_frictionless_4.puml,4
2392_frictionless_5.puml,4
2393_frictionless_6.puml,4
2394_frictionless_7.puml,4
2395_frictionless_8.puml,5
2396_frictionless_9.puml,5
2397_frictionless_10.puml,5
2398_frictionless_11.puml,6
2399_frictionless_12.puml,4
2400_frictionless_13.puml,3
2401_frictionless_14.puml,4
2402_frictionless_15.puml,3
2403_frictionless_16.puml,4
2404_frictionless_17.puml,4
2405_frictionless_18.puml,4
2406_frictionless_19.puml,5
2407_frictionless_20.puml,3
2408_frictionless_21.puml,0
2409_frictionless_22.puml,2
2410_frictionless_23.puml,5
2411_frictionless_24.puml,2
2412_frictionless_25.puml,0
2413_frictionless_26.puml,2
2414_frictionless_27.puml,7
2415_frictionless_28.puml,5
2416_frictionless_29.puml,5
2417_frictionless_30.puml,4
2418_frictionless_31.puml,2
2419_frictionless_32.puml,3
2420_frictionless_33.puml,4
2421_frictionless_34.puml,4
2422_frictionless_35.puml,4
2423_frictionless_36.puml,4
2424_frictionless_37.puml,2
2425_frictionless_38.puml,3
2426_frictionless_39.puml,2
2427_frictionless_40.puml,4
2428_frictionless_41.puml,4
2429_frictionless_42.puml,5
2430_frictionless_43.puml,1
2431_frictionless_44.puml,3
2432_frictionless_45.puml,5
2433_frictionless_46.puml,3
2434_frictionless_47.puml,5
2435_frictionless_48.puml,1
2436_frictionless_49.puml,6
2437_frictionless_50.puml,4
2438_frictionless_51.puml,6
2439_frictionless_52.puml,5
2440_frictionless_53.puml,0
2441_frictionless_54.puml,5
2442_frictionless_55.puml,4
2443_frictionless_56.puml,5
2444_frictionless_57.puml,2
2445_frictionless_58.puml,5
2446_frictionless_59.puml,6
2447_frictionless_60.puml,5
2448_frictionless_61.puml,5
2449_frictionless_62.puml,6
2450_frictionless_63.puml,4
2451_frictionless_64.puml,5
2452_frictionless_65.puml,5
2453_frictionless_66.puml,6
